{
    "name": "root",
    "gauges": {
        "MoveToGoal.Policy.Entropy.mean": {
            "value": 1.4223600625991821,
            "min": 1.4223600625991821,
            "max": 1.4223600625991821,
            "count": 1
        },
        "MoveToGoal.Policy.Entropy.sum": {
            "value": 72255.890625,
            "min": 72255.890625,
            "max": 72255.890625,
            "count": 1
        },
        "MoveToGoal.Environment.EpisodeLength.mean": {
            "value": 157.74324324324326,
            "min": 157.74324324324326,
            "max": 157.74324324324326,
            "count": 1
        },
        "MoveToGoal.Environment.EpisodeLength.sum": {
            "value": 46692.0,
            "min": 46692.0,
            "max": 46692.0,
            "count": 1
        },
        "MoveToGoal.Step.mean": {
            "value": 49996.0,
            "min": 49996.0,
            "max": 49996.0,
            "count": 1
        },
        "MoveToGoal.Step.sum": {
            "value": 49996.0,
            "min": 49996.0,
            "max": 49996.0,
            "count": 1
        },
        "MoveToGoal.Policy.ExtrinsicValueEstimate.mean": {
            "value": 0.5954934358596802,
            "min": 0.5954934358596802,
            "max": 0.5954934358596802,
            "count": 1
        },
        "MoveToGoal.Policy.ExtrinsicValueEstimate.sum": {
            "value": 576.4376220703125,
            "min": 576.4376220703125,
            "max": 576.4376220703125,
            "count": 1
        },
        "MoveToGoal.Environment.CumulativeReward.mean": {
            "value": -0.5912162162162162,
            "min": -0.5912162162162162,
            "max": -0.5912162162162162,
            "count": 1
        },
        "MoveToGoal.Environment.CumulativeReward.sum": {
            "value": -175.0,
            "min": -175.0,
            "max": -175.0,
            "count": 1
        },
        "MoveToGoal.Policy.ExtrinsicReward.mean": {
            "value": -0.5912162162162162,
            "min": -0.5912162162162162,
            "max": -0.5912162162162162,
            "count": 1
        },
        "MoveToGoal.Policy.ExtrinsicReward.sum": {
            "value": -175.0,
            "min": -175.0,
            "max": -175.0,
            "count": 1
        },
        "MoveToGoal.Losses.PolicyLoss.mean": {
            "value": 0.02337848079041578,
            "min": 0.02337848079041578,
            "max": 0.02337848079041578,
            "count": 1
        },
        "MoveToGoal.Losses.PolicyLoss.sum": {
            "value": 0.09351392316166313,
            "min": 0.09351392316166313,
            "max": 0.09351392316166313,
            "count": 1
        },
        "MoveToGoal.Losses.ValueLoss.mean": {
            "value": 0.07030084327561781,
            "min": 0.07030084327561781,
            "max": 0.07030084327561781,
            "count": 1
        },
        "MoveToGoal.Losses.ValueLoss.sum": {
            "value": 0.28120337310247123,
            "min": 0.28120337310247123,
            "max": 0.28120337310247123,
            "count": 1
        },
        "MoveToGoal.Policy.LearningRate.mean": {
            "value": 0.00028459035513655,
            "min": 0.00028459035513655,
            "max": 0.00028459035513655,
            "count": 1
        },
        "MoveToGoal.Policy.LearningRate.sum": {
            "value": 0.0011383614205462,
            "min": 0.0011383614205462,
            "max": 0.0011383614205462,
            "count": 1
        },
        "MoveToGoal.Policy.Epsilon.mean": {
            "value": 0.19486345000000002,
            "min": 0.19486345000000002,
            "max": 0.19486345000000002,
            "count": 1
        },
        "MoveToGoal.Policy.Epsilon.sum": {
            "value": 0.7794538000000001,
            "min": 0.7794538000000001,
            "max": 0.7794538000000001,
            "count": 1
        },
        "MoveToGoal.Policy.Beta.mean": {
            "value": 0.004743686154999999,
            "min": 0.004743686154999999,
            "max": 0.004743686154999999,
            "count": 1
        },
        "MoveToGoal.Policy.Beta.sum": {
            "value": 0.018974744619999998,
            "min": 0.018974744619999998,
            "max": 0.018974744619999998,
            "count": 1
        },
        "MoveToGoal.IsTraining.mean": {
            "value": 1.0,
            "min": 1.0,
            "max": 1.0,
            "count": 1
        },
        "MoveToGoal.IsTraining.sum": {
            "value": 1.0,
            "min": 1.0,
            "max": 1.0,
            "count": 1
        }
    },
    "metadata": {
        "timer_format_version": "0.1.0",
        "start_time_seconds": "1667901763",
        "python_version": "3.8.10 (tags/v3.8.10:3d8993a, May  3 2021, 11:48:03) [MSC v.1928 64 bit (AMD64)]",
        "command_line_arguments": "C:\\Users\\gojoo\\OneDrive\\Documents\\GitHub\\MachineLearningTrial\\MachineLearningProject\\venv\\Scripts\\mlagents-learn --run-id sampleTest1",
        "mlagents_version": "0.29.0",
        "mlagents_envs_version": "0.29.0",
        "communication_protocol_version": "1.5.0",
        "pytorch_version": "1.13.0+cpu",
        "numpy_version": "1.21.2",
        "end_time_seconds": "1667901902"
    },
    "total": 138.91605249999998,
    "count": 1,
    "self": 0.010529299999973318,
    "children": {
        "run_training.setup": {
            "total": 0.30677539999999937,
            "count": 1,
            "self": 0.30677539999999937
        },
        "TrainerController.start_learning": {
            "total": 138.5987478,
            "count": 1,
            "self": 0.13576780000028066,
            "children": {
                "TrainerController._reset_env": {
                    "total": 8.5300054,
                    "count": 1,
                    "self": 8.5300054
                },
                "TrainerController.advance": {
                    "total": 129.76196839999974,
                    "count": 5301,
                    "self": 0.13162899999943534,
                    "children": {
                        "env_step": {
                            "total": 102.58038899999997,
                            "count": 5301,
                            "self": 96.85136590000045,
                            "children": {
                                "SubprocessEnvManager._take_step": {
                                    "total": 5.641206999999445,
                                    "count": 5302,
                                    "self": 0.4446568999998384,
                                    "children": {
                                        "TorchPolicy.evaluate": {
                                            "total": 5.196550099999607,
                                            "count": 5108,
                                            "self": 1.0466763999991606,
                                            "children": {
                                                "TorchPolicy.sample_actions": {
                                                    "total": 4.149873700000446,
                                                    "count": 5108,
                                                    "self": 4.149873700000446
                                                }
                                            }
                                        }
                                    }
                                },
                                "workers": {
                                    "total": 0.08781610000007767,
                                    "count": 5300,
                                    "self": 0.0,
                                    "children": {
                                        "worker_root": {
                                            "total": 77.94724700000008,
                                            "count": 5300,
                                            "is_parallel": true,