{
    "name": "root",
    "gauges": {
        "Mouse.Policy.Entropy.mean": {
            "value": 1.3889596462249756,
            "min": 1.3889596462249756,
            "max": 1.416177749633789,
            "count": 4
        },
        "Mouse.Policy.Entropy.sum": {
            "value": 69392.421875,
            "min": 69392.421875,
            "max": 71658.59375,
            "count": 4
        },
        "Mouse.Environment.EpisodeLength.mean": {
            "value": 18.16871165644172,
            "min": 18.16871165644172,
            "max": 58.22588235294118,
            "count": 4
        },
        "Mouse.Environment.EpisodeLength.sum": {
            "value": 47384.0,
            "min": 47384.0,
            "max": 49492.0,
            "count": 4
        },
        "Mouse.Step.mean": {
            "value": 199994.0,
            "min": 49991.0,
            "max": 199994.0,
            "count": 4
        },
        "Mouse.Step.sum": {
            "value": 199994.0,
            "min": 49991.0,
            "max": 199994.0,
            "count": 4
        },
        "Mouse.Policy.ExtrinsicValueEstimate.mean": {
            "value": -0.8518123030662537,
            "min": -0.8518123030662537,
            "max": 0.26917901635169983,
            "count": 4
        },
        "Mouse.Policy.ExtrinsicValueEstimate.sum": {
            "value": -2230.044677734375,
            "min": -2230.044677734375,
            "max": 358.0080871582031,
            "count": 4
        },
        "Mouse.Environment.CumulativeReward.mean": {
            "value": -0.99079754601227,
            "min": -0.99079754601227,
            "max": 0.009771986970684038,
            "count": 4
        },
        "Mouse.Environment.CumulativeReward.sum": {
            "value": -2584.0,
            "min": -2584.0,
            "max": 9.0,
            "count": 4
        },
        "Mouse.Policy.ExtrinsicReward.mean": {
            "value": -0.99079754601227,
            "min": -0.99079754601227,
            "max": 0.009771986970684038,
            "count": 4
        },
        "Mouse.Policy.ExtrinsicReward.sum": {
            "value": -2584.0,
            "min": -2584.0,
            "max": 9.0,
            "count": 4
        },
        "Mouse.Losses.PolicyLoss.mean": {
            "value": 0.027787967634697756,
            "min": 0.02283676673580582,
            "max": 0.027787967634697756,
            "count": 4
        },
        "Mouse.Losses.PolicyLoss.sum": {
            "value": 0.1389398381734888,
            "min": 0.1012536633371686,
            "max": 0.1389398381734888,
            "count": 4
        },
        "Mouse.Losses.ValueLoss.mean": {
            "value": 0.010923599256202577,
            "min": 0.010923599256202577,
            "max": 0.12962127200638254,
            "count": 4
        },
        "Mouse.Losses.ValueLoss.sum": {
            "value": 0.05461799628101289,
            "min": 0.05461799628101289,
            "max": 0.5184850880255302,
            "count": 4
        },
        "Mouse.Policy.LearningRate.mean": {
            "value": 0.00019522743492420003,
            "min": 0.00019522743492420003,
            "max": 0.00028460805513064993,
            "count": 4
        },
        "Mouse.Policy.LearningRate.sum": {
            "value": 0.0009761371746210001,
            "min": 0.0009761371746210001,
            "max": 0.0012841242719586,
            "count": 4
        },
        "Mouse.Policy.Epsilon.mean": {
            "value": 0.1650758,
            "min": 0.1650758,
            "max": 0.19486935000000002,
            "count": 4
        },
        "Mouse.Policy.Epsilon.sum": {
            "value": 0.825379,
            "min": 0.7794774000000001,
            "max": 0.9280414,
            "count": 4
        },
        "Mouse.Policy.Beta.mean": {
            "value": 0.003257282420000001,
            "min": 0.003257282420000001,
            "max": 0.004743980565,
            "count": 4
        },
        "Mouse.Policy.Beta.sum": {
            "value": 0.016286412100000005,
            "min": 0.016286412100000005,
            "max": 0.02140926586,
            "count": 4
        },
        "Mouse.IsTraining.mean": {
            "value": 1.0,
            "min": 1.0,
            "max": 1.0,
            "count": 4
        },
        "Mouse.IsTraining.sum": {
            "value": 1.0,
            "min": 1.0,
            "max": 1.0,
            "count": 4
        },
        "Cat.Policy.Entropy.mean": {
            "value": 1.396971344947815,
            "min": 1.396971344947815,
            "max": 1.4170775413513184,
            "count": 4
        },
        "Cat.Policy.Entropy.sum": {
            "value": 69792.6875,
            "min": 69792.6875,
            "max": 71704.125,
            "count": 4
        },
        "Cat.Environment.EpisodeLength.mean": {
            "value": 18.16871165644172,
            "min": 18.16871165644172,
            "max": 58.22588235294118,
            "count": 4
        },
        "Cat.Environment.EpisodeLength.sum": {
            "value": 47384.0,
            "min": 47384.0,
            "max": 49492.0,
            "count": 4
        },
        "Cat.Step.mean": {
            "value": 199994.0,
            "min": 49991.0,
            "max": 199994.0,
            "count": 4
        },
        "Cat.Step.sum": {
            "value": 199994.0,
            "min": 49991.0,
            "max": 199994.0,
            "count": 4
        },
        "Cat.Policy.ExtrinsicValueEstimate.mean": {
            "value": 0.8565921187400818,
            "min": 0.17769311368465424,
            "max": 0.8565921187400818,
            "count": 4
        },
        "Cat.Policy.ExtrinsicValueEstimate.sum": {
            "value": 2242.55810546875,
            "min": 236.3318328857422,
            "max": 2242.55810546875,
            "count": 4
        },
        "Cat.Environment.CumulativeReward.mean": {
            "value": 0.99079754601227,
            "min": -0.009771986970684038,
            "max": 0.99079754601227,
            "count": 4
        },
        "Cat.Environment.CumulativeReward.sum": {
            "value": 2584.0,
            "min": -9.0,
            "max": 2584.0,
            "count": 4
        },
        "Cat.Policy.ExtrinsicReward.mean": {
            "value": 0.99079754601227,
            "min": -0.009771986970684038,
            "max": 0.99079754601227,
            "count": 4
        },
        "Cat.Policy.ExtrinsicReward.sum": {
            "value": 2584.0,
            "min": -9.0,
            "max": 2584.0,
            "count": 4
        },
        "Cat.Losses.PolicyLoss.mean": {
            "value": 0.026998127828507374,
            "min": 0.02309540175444757,
            "max": 0.026998127828507374,
            "count": 4
        },
        "Cat.Losses.PolicyLoss.sum": {
            "value": 0.13499063914253687,
            "min": 0.09864729531109333,
            "max": 0.13499063914253687,
            "count": 4
        },
        "Cat.Losses.ValueLoss.mean": {
            "value": 0.011823527114465833,
            "min": 0.011823527114465833,
            "max": 0.16507449460526308,
            "count": 4
        },
        "Cat.Losses.ValueLoss.sum": {
            "value": 0.059117635572329165,
            "min": 0.059117635572329165,
            "max": 0.6602979784210523,
            "count": 4
        },
        "Cat.Policy.LearningRate.mean": {
            "value": 0.00019522743492420003,
            "min": 0.00019522743492420003,
            "max": 0.00028460805513064993,
            "count": 4
        },
        "Cat.Policy.LearningRate.sum": {
            "value": 0.0009761371746210001,
            "min": 0.0009761371746210001,
            "max": 0.0012841242719586,
            "count": 4
        },
        "Cat.Policy.Epsilon.mean": {
            "value": 0.1650758,
            "min": 0.1650758,
            "max": 0.19486935000000002,
            "count": 4
        },