{
    "name": "root",
    "metadata": {
        "timer_format_version": "0.1.0",
        "start_time_seconds": "1667843256",
        "python_version": "3.8.10 (tags/v3.8.10:3d8993a, May  3 2021, 11:48:03) [MSC v.1928 64 bit (AMD64)]",
        "command_line_arguments": "C:\\Users\\gojoo\\OneDrive\\Documents\\GitHub\\MachineLearningTrial\\MachineLearningProject\\venv\\Scripts\\mlagents-learn --run-id race1",
        "mlagents_version": "0.29.0",
        "mlagents_envs_version": "0.29.0",
        "communication_protocol_version": "1.5.0",
        "pytorch_version": "1.13.0+cpu",
        "numpy_version": "1.21.2",
        "end_time_seconds": "1667843341"
    },
    "total": 85.5704779,
    "count": 1,
    "self": 0.012580999999997289,
    "children": {
        "run_training.setup": {
            "total": 0.30024380000000006,
            "count": 1,
            "self": 0.30024380000000006
        },
        "TrainerController.start_learning": {
            "total": 85.2576531,
            "count": 1,
            "self": 0.029588500000059526,
            "children": {
                "TrainerController._reset_env": {
                    "total": 10.4714365,
                    "count": 1,
                    "self": 10.4714365
                },
                "TrainerController.advance": {
                    "total": 74.57147349999995,
                    "count": 1357,
                    "self": 0.02578239999991183,
                    "children": {
                        "env_step": {
                            "total": 74.39328859999995,
                            "count": 1357,
                            "self": 72.73752640000001,
                            "children": {
                                "SubprocessEnvManager._take_step": {
                                    "total": 1.6371538,
                                    "count": 1357,
                                    "self": 0.0787980999999931,
                                    "children": {
                                        "TorchPolicy.evaluate": {
                                            "total": 1.558355700000007,
                                            "count": 1357,
                                            "self": 0.4575721000000659,
                                            "children": {
                                                "TorchPolicy.sample_actions": {
                                                    "total": 1.1007835999999411,
                                                    "count": 1357,
                                                    "self": 1.1007835999999411
                                                }
                                            }
                                        }
                                    }
                                },
                                "workers": {
                                    "total": 0.018608399999948233,
                                    "count": 1356,
                                    "self": 0.0,
                                    "children": {
                                        "worker_root": {
                                            "total": 11.503058299999926,
                                            "count": 1356,
                                            "is_parallel": true,
                                            "self": 3.233351899999917,
                                            "children": {
                                                "steps_from_proto": {
                                                    "total": 0.0011903000000010877,
                                                    "count": 1,
                                                    "is_parallel": true,
                                                    "self": 0.000321000000001348,
                                                    "children": {
                                                        "_process_rank_one_or_two_observation": {
                                                            "total": 0.0008692999999997397,
                                                            "count": 2,
                                                            "is_parallel": true,
                                                            "self": 0.0008692999999997397
                                                        }
                                                    }
                                                },
                                                "UnityEnvironment.step": {
                                                    "total": 8.268516100000008,
                                                    "count": 1356,
                                                    "is_parallel": true,
                                                    "self": 0.11837369999994607,
                                                    "children": {
                                                        "UnityEnvironment._generate_step_input": {
                                                            "total": 0.09947200000003775,
                                                            "count": 1356,
                                                            "is_parallel": true,
                                                            "self": 0.09947200000003775
                                                        },
                                                        "communicator.exchange": {
                                                            "total": 7.641583500000008,
                                                            "count": 1356,
                                                            "is_parallel": true,
                                                            "self": 7.641583500000008
                                                        },
                                                        "steps_from_proto": {
                                                            "total": 0.40908690000001613,
                                                            "count": 1356,
                                                            "is_parallel": true,
                                                            "self": 0.2735913000001471,
                                                            "children": {
                                                                "_process_rank_one_or_two_observation": {
                                                                    "total": 0.13549559999986904,
                                                                    "count": 2712,
                                                                    "is_parallel": true,
                                                                    "self": 0.13549559999986904
                                                                }
                                                            }
                                                        }
                                                    }
                                                }
                                            }
                                        }
                                    }
                                }
                            }
                        },
                        "trainer_advance": {
                            "total": 0.15240250000009503,
                            "count": 1356,
                            "self": 0.03056190000003589,
                            "children": {
                                "process_trajectory": {
                                    "total": 0.12184060000005914,
                                    "count": 1356,