{
    "name": "root",
    "gauges": {
        "Cat.Policy.Entropy.mean": {
            "value": 1.4194872379302979,
            "min": 1.4194872379302979,
            "max": 1.4194872379302979,
            "count": 1
        },
        "Cat.Policy.Entropy.sum": {
            "value": 71655.71875,
            "min": 71655.71875,
            "max": 71655.71875,
            "count": 1
        },
        "Cat.Environment.EpisodeLength.mean": {
            "value": 118.93611793611794,
            "min": 118.93611793611794,
            "max": 118.93611793611794,
            "count": 1
        },
        "Cat.Environment.EpisodeLength.sum": {
            "value": 48407.0,
            "min": 48407.0,
            "max": 48407.0,
            "count": 1
        },
        "Cat.Step.mean": {
            "value": 49966.0,
            "min": 49966.0,
            "max": 49966.0,
            "count": 1
        },
        "Cat.Step.sum": {
            "value": 49966.0,
            "min": 49966.0,
            "max": 49966.0,
            "count": 1
        },
        "Cat.Policy.ExtrinsicValueEstimate.mean": {
            "value": -0.24166856706142426,
            "min": -0.24166856706142426,
            "max": -0.24166856706142426,
            "count": 1
        },
        "Cat.Policy.ExtrinsicValueEstimate.sum": {
            "value": -253.7519989013672,
            "min": -253.7519989013672,
            "max": -253.7519989013672,
            "count": 1
        },
        "Cat.Environment.CumulativeReward.mean": {
            "value": -0.17936117936117937,
            "min": -0.17936117936117937,
            "max": -0.17936117936117937,
            "count": 1
        },
        "Cat.Environment.CumulativeReward.sum": {
            "value": -73.0,
            "min": -73.0,
            "max": -73.0,
            "count": 1
        },
        "Cat.Policy.ExtrinsicReward.mean": {
            "value": -0.17936117936117937,
            "min": -0.17936117936117937,
            "max": -0.17936117936117937,
            "count": 1
        },
        "Cat.Policy.ExtrinsicReward.sum": {
            "value": -73.0,
            "min": -73.0,
            "max": -73.0,
            "count": 1
        },
        "Cat.Losses.PolicyLoss.mean": {
            "value": 0.02382965268334374,
            "min": 0.02382965268334374,
            "max": 0.02382965268334374,
            "count": 1
        },
        "Cat.Losses.PolicyLoss.sum": {
            "value": 0.09531861073337496,
            "min": 0.09531861073337496,
            "max": 0.09531861073337496,
            "count": 1
        },
        "Cat.Losses.ValueLoss.mean": {
            "value": 0.08431624798104166,
            "min": 0.08431624798104166,
            "max": 0.08431624798104166,
            "count": 1
        },
        "Cat.Losses.ValueLoss.sum": {
            "value": 0.33726499192416665,
            "min": 0.33726499192416665,
            "max": 0.33726499192416665,
            "count": 1
        },
        "Cat.Policy.LearningRate.mean": {
            "value": 0.0002845611051463,
            "min": 0.0002845611051463,
            "max": 0.0002845611051463,
            "count": 1
        },
        "Cat.Policy.LearningRate.sum": {
            "value": 0.0011382444205852,
            "min": 0.0011382444205852,
            "max": 0.0011382444205852,
            "count": 1
        },
        "Cat.Policy.Epsilon.mean": {
            "value": 0.1948537,
            "min": 0.1948537,
            "max": 0.1948537,
            "count": 1
        },
        "Cat.Policy.Epsilon.sum": {
            "value": 0.7794148,
            "min": 0.7794148,
            "max": 0.7794148,
            "count": 1
        },
        "Cat.Policy.Beta.mean": {
            "value": 0.00474319963,
            "min": 0.00474319963,
            "max": 0.00474319963,
            "count": 1
        },
        "Cat.Policy.Beta.sum": {
            "value": 0.01897279852,
            "min": 0.01897279852,
            "max": 0.01897279852,
            "count": 1
        },
        "Cat.IsTraining.mean": {
            "value": 1.0,
            "min": 1.0,
            "max": 1.0,
            "count": 1
        },
        "Cat.IsTraining.sum": {
            "value": 1.0,
            "min": 1.0,
            "max": 1.0,
            "count": 1
        },
        "Mouse.Policy.Entropy.mean": {
            "value": 1.4172532558441162,
            "min": 1.4172532558441162,
            "max": 1.4172532558441162,
            "count": 1
        },
        "Mouse.Policy.Entropy.sum": {
            "value": 71571.2890625,
            "min": 71571.2890625,
            "max": 71571.2890625,
            "count": 1
        },
        "Mouse.Environment.EpisodeLength.mean": {
            "value": 116.26442307692308,
            "min": 116.26442307692308,
            "max": 116.26442307692308,
            "count": 1
        },
        "Mouse.Environment.EpisodeLength.sum": {
            "value": 48366.0,
            "min": 48366.0,
            "max": 48366.0,
            "count": 1
        },
        "Mouse.Step.mean": {
            "value": 49998.0,
            "min": 49998.0,
            "max": 49998.0,
            "count": 1
        },
        "Mouse.Step.sum": {
            "value": 49998.0,
            "min": 49998.0,
            "max": 49998.0,
            "count": 1
        },
        "Mouse.Policy.ExtrinsicValueEstimate.mean": {
            "value": 0.22343821823596954,
            "min": 0.22343821823596954,
            "max": 0.22343821823596954,
            "count": 1
        },
        "Mouse.Policy.ExtrinsicValueEstimate.sum": {
            "value": 237.2913818359375,
            "min": 237.2913818359375,
            "max": 237.2913818359375,
            "count": 1
        },
        "Mouse.Environment.CumulativeReward.mean": {
            "value": -0.4182692307692308,
            "min": -0.4182692307692308,
            "max": -0.4182692307692308,
            "count": 1
        },
        "Mouse.Environment.CumulativeReward.sum": {
            "value": -174.0,
            "min": -174.0,
            "max": -174.0,
            "count": 1
        },
        "Mouse.Policy.ExtrinsicReward.mean": {
            "value": -0.4182692307692308,
            "min": -0.4182692307692308,
            "max": -0.4182692307692308,
            "count": 1
        },
        "Mouse.Policy.ExtrinsicReward.sum": {
            "value": -174.0,
            "min": -174.0,
            "max": -174.0,
            "count": 1
        },
        "Mouse.Losses.PolicyLoss.mean": {
            "value": 0.023761770319348823,
            "min": 0.023761770319348823,
            "max": 0.023761770319348823,
            "count": 1
        },
        "Mouse.Losses.PolicyLoss.sum": {
            "value": 0.09504708127739529,
            "min": 0.09504708127739529,
            "max": 0.09504708127739529,
            "count": 1
        },
        "Mouse.Losses.ValueLoss.mean": {
            "value": 0.11301053386802475,
            "min": 0.11301053386802475,
            "max": 0.11301053386802475,
            "count": 1
        },
        "Mouse.Losses.ValueLoss.sum": {
            "value": 0.452042135472099,
            "min": 0.452042135472099,
            "max": 0.452042135472099,
            "count": 1
        },
        "Mouse.Policy.LearningRate.mean": {
            "value": 0.0002845695051435,
            "min": 0.0002845695051435,
            "max": 0.0002845695051435,
            "count": 1
        },
        "Mouse.Policy.LearningRate.sum": {
            "value": 0.001138278020574,
            "min": 0.001138278020574,
            "max": 0.001138278020574,
            "count": 1
        },
        "Mouse.Policy.Epsilon.mean": {
            "value": 0.1948565,
            "min": 0.1948565,
            "max": 0.1948565,
            "count": 1
        },
        "Mouse.Policy.Epsilon.sum": {
            "value": 0.779426,
            "min": 0.779426,
            "max": 0.779426,