{
    "name": "root",
    "gauges": {
        "Mouse.Policy.Entropy.mean": {
            "value": 1.418064832687378,
            "min": 1.418064832687378,
            "max": 1.4235666990280151,
            "count": 3
        },
        "Mouse.Policy.Entropy.sum": {
            "value": 70874.8828125,
            "min": 70874.8828125,
            "max": 72096.671875,
            "count": 3
        },
        "Mouse.Environment.EpisodeLength.mean": {
            "value": 69.34550561797752,
            "min": 69.34550561797752,
            "max": 116.78422273781902,
            "count": 3
        },
        "Mouse.Environment.EpisodeLength.sum": {
            "value": 49374.0,
            "min": 47904.0,
            "max": 50334.0,
            "count": 3
        },
        "Mouse.Step.mean": {
            "value": 149964.0,
            "min": 49945.0,
            "max": 149964.0,
            "count": 3
        },
        "Mouse.Step.sum": {
            "value": 149964.0,
            "min": 49945.0,
            "max": 149964.0,
            "count": 3
        },
        "Mouse.Policy.ExtrinsicValueEstimate.mean": {
            "value": -0.3020402193069458,
            "min": -2.1410574913024902,
            "max": -0.3020402193069458,
            "count": 3
        },
        "Mouse.Policy.ExtrinsicValueEstimate.sum": {
            "value": -356.7095031738281,
            "min": -2288.79052734375,
            "max": -356.7095031738281,
            "count": 3
        },
        "Mouse.Environment.CumulativeReward.mean": {
            "value": -0.5519915007975664,
            "min": -9.56417088322088,
            "max": -0.5519915007975664,
            "count": 3
        },
        "Mouse.Environment.CumulativeReward.sum": {
            "value": -393.0179485678673,
            "min": -4217.799359500408,
            "max": -288.9367152452469,
            "count": 3
        },
        "Mouse.Policy.ExtrinsicReward.mean": {
            "value": -0.5519915007975664,
            "min": -9.56417088322088,
            "max": -0.5519915007975664,
            "count": 3
        },
        "Mouse.Policy.ExtrinsicReward.sum": {
            "value": -393.0179485678673,
            "min": -4217.799359500408,
            "max": -288.9367152452469,
            "count": 3
        },
        "Mouse.Losses.PolicyLoss.mean": {
            "value": 0.023448255237502352,
            "min": 0.021687187917996197,
            "max": 0.02423025695451846,
            "count": 3
        },
        "Mouse.Losses.PolicyLoss.sum": {
            "value": 0.11724127618751176,
            "min": 0.08674875167198479,
            "max": 0.1211512847725923,
            "count": 3
        },
        "Mouse.Losses.ValueLoss.mean": {
            "value": 0.5129614021877447,
            "min": 0.5129614021877447,
            "max": 28.45780933449666,
            "count": 3
        },
        "Mouse.Losses.ValueLoss.sum": {
            "value": 2.5648070109387233,
            "min": 2.5648070109387233,
            "max": 113.83123733798664,
            "count": 3
        },
        "Mouse.Policy.LearningRate.mean": {
            "value": 0.000226071024643,
            "min": 0.000226071024643,
            "max": 0.0002846232051256,
            "count": 3
        },
        "Mouse.Policy.LearningRate.sum": {
            "value": 0.001130355123215,
            "min": 0.001130355123215,
            "max": 0.0012844554718481997,
            "count": 3
        },
        "Mouse.Policy.Epsilon.mean": {
            "value": 0.17535700000000004,
            "min": 0.17535700000000004,
            "max": 0.19487440000000003,
            "count": 3
        },
        "Mouse.Policy.Epsilon.sum": {
            "value": 0.8767850000000001,
            "min": 0.7794976000000001,
            "max": 0.9281518,
            "count": 3
        },
        "Mouse.Policy.Beta.mean": {
            "value": 0.003770314300000001,
            "min": 0.003770314300000001,
            "max": 0.0047442325600000005,
            "count": 3
        },
        "Mouse.Policy.Beta.sum": {
            "value": 0.018851571500000004,
            "min": 0.018851571500000004,
            "max": 0.021414774819999993,
            "count": 3
        },
        "Mouse.IsTraining.mean": {
            "value": 1.0,
            "min": 1.0,
            "max": 1.0,
            "count": 3
        },
        "Mouse.IsTraining.sum": {
            "value": 1.0,
            "min": 1.0,
            "max": 1.0,
            "count": 3
        },
        "Cat.Policy.Entropy.mean": {
            "value": 1.4129753112792969,
            "min": 1.4129753112792969,
            "max": 1.4221439361572266,
            "count": 3
        },
        "Cat.Policy.Entropy.sum": {
            "value": 70620.5078125,
            "min": 70509.015625,
            "max": 72131.140625,
            "count": 3
        },
        "Cat.Environment.EpisodeLength.mean": {
            "value": 69.34550561797752,
            "min": 69.34550561797752,
            "max": 116.78422273781902,
            "count": 3
        },
        "Cat.Environment.EpisodeLength.sum": {
            "value": 49374.0,
            "min": 47904.0,
            "max": 50334.0,
            "count": 3
        },
        "Cat.Step.mean": {
            "value": 149964.0,
            "min": 49945.0,
            "max": 149964.0,
            "count": 3
        },
        "Cat.Step.sum": {
            "value": 149964.0,
            "min": 49945.0,
            "max": 149964.0,
            "count": 3
        },
        "Cat.Policy.ExtrinsicValueEstimate.mean": {
            "value": 0.1906510889530182,
            "min": -1.7369686365127563,
            "max": 0.1906510889530182,
            "count": 3
        },
        "Cat.Policy.ExtrinsicValueEstimate.sum": {
            "value": 225.158935546875,
            "min": -1856.8194580078125,
            "max": 225.158935546875,
            "count": 3
        },
        "Cat.Environment.CumulativeReward.mean": {
            "value": 0.5519915007975664,
            "min": -8.395012790248508,
            "max": 0.5519915007975664,
            "count": 3
        },
        "Cat.Environment.CumulativeReward.sum": {
            "value": 393.0179485678673,
            "min": -3702.200640499592,
            "max": 393.0179485678673,
            "count": 3
        },
        "Cat.Policy.ExtrinsicReward.mean": {
            "value": 0.5519915007975664,
            "min": -8.395012790248508,
            "max": 0.5519915007975664,
            "count": 3
        },
        "Cat.Policy.ExtrinsicReward.sum": {
            "value": 393.0179485678673,
            "min": -3702.200640499592,
            "max": 393.0179485678673,
            "count": 3
        },
        "Cat.Losses.PolicyLoss.mean": {
            "value": 0.0242957427414755,
            "min": 0.020011389569845054,
            "max": 0.0242957427414755,
            "count": 3
        },
        "Cat.Losses.PolicyLoss.sum": {
            "value": 0.1214787137073775,
            "min": 0.09201779613116134,
            "max": 0.1214787137073775,
            "count": 3
        },
        "Cat.Losses.ValueLoss.mean": {
            "value": 0.17227386320630708,
            "min": 0.17227386320630708,
            "max": 24.44818464765946,
            "count": 3
        },
        "Cat.Losses.ValueLoss.sum": {
            "value": 0.8613693160315354,
            "min": 0.8613693160315354,
            "max": 97.79273859063784,
            "count": 3
        },
        "Cat.Policy.LearningRate.mean": {
            "value": 0.000226071024643,
            "min": 0.000226071024643,
            "max": 0.0002846232051256,
            "count": 3
        },
        "Cat.Policy.LearningRate.sum": {
            "value": 0.001130355123215,
            "min": 0.001130355123215,
            "max": 0.0012844554718481997,
            "count": 3
        },
        "Cat.Policy.Epsilon.mean": {
            "value": 0.17535700000000004,