{
    "name": "root",
    "gauges": {
        "Cat.Policy.Entropy.mean": {
            "value": 1.4147132635116577,
            "min": 1.4147132635116577,
            "max": 1.4181103706359863,
            "count": 2
        },
        "Cat.Policy.Entropy.sum": {
            "value": 70622.484375,
            "min": 70622.484375,
            "max": 71954.921875,
            "count": 2
        },
        "Cat.Environment.EpisodeLength.mean": {
            "value": 399.36538461538464,
            "min": 165.4029304029304,
            "max": 399.36538461538464,
            "count": 2
        },
        "Cat.Environment.EpisodeLength.sum": {
            "value": 20767.0,
            "min": 20767.0,
            "max": 45155.0,
            "count": 2
        },
        "Cat.Step.mean": {
            "value": 99975.0,
            "min": 49972.0,
            "max": 99975.0,
            "count": 2
        },
        "Cat.Step.sum": {
            "value": 99975.0,
            "min": 49972.0,
            "max": 99975.0,
            "count": 2
        },
        "Cat.Policy.ExtrinsicValueEstimate.mean": {
            "value": 0.3889410197734833,
            "min": 0.08518713712692261,
            "max": 0.3889410197734833,
            "count": 2
        },
        "Cat.Policy.ExtrinsicValueEstimate.sum": {
            "value": 313.4864501953125,
            "min": 79.05366516113281,
            "max": 313.4864501953125,
            "count": 2
        },
        "Cat.Environment.CumulativeReward.mean": {
            "value": 0.9423076923076923,
            "min": -0.007326007326007326,
            "max": 0.9423076923076923,
            "count": 2
        },
        "Cat.Environment.CumulativeReward.sum": {
            "value": 49.0,
            "min": -2.0,
            "max": 49.0,
            "count": 2
        },
        "Cat.Policy.ExtrinsicReward.mean": {
            "value": 0.9423076923076923,
            "min": -0.007326007326007326,
            "max": 0.9423076923076923,
            "count": 2
        },
        "Cat.Policy.ExtrinsicReward.sum": {
            "value": 49.0,
            "min": -2.0,
            "max": 49.0,
            "count": 2
        },
        "Cat.Losses.PolicyLoss.mean": {
            "value": 0.022994858676878113,
            "min": 0.022994858676878113,
            "max": 0.023546103842090816,
            "count": 2
        },
        "Cat.Losses.PolicyLoss.sum": {
            "value": 0.11497429338439057,
            "min": 0.09418441536836326,
            "max": 0.11497429338439057,
            "count": 2
        },
        "Cat.Losses.ValueLoss.mean": {
            "value": 0.00860379707883112,
            "min": 0.00860379707883112,
            "max": 0.0648301389378806,
            "count": 2
        },
        "Cat.Losses.ValueLoss.sum": {
            "value": 0.0430189853941556,
            "min": 0.0430189853941556,
            "max": 0.2593205557515224,
            "count": 2
        },
        "Cat.Policy.LearningRate.mean": {
            "value": 0.0002568640943786399,
            "min": 0.0002568640943786399,
            "max": 0.00028459650513449995,
            "count": 2
        },
        "Cat.Policy.LearningRate.sum": {
            "value": 0.0012843204718931997,
            "min": 0.0011383860205379998,
            "max": 0.0012843204718931997,
            "count": 2
        },
        "Cat.Policy.Epsilon.mean": {
            "value": 0.18562136,
            "min": 0.18562136,
            "max": 0.19486550000000002,
            "count": 2
        },
        "Cat.Policy.Epsilon.sum": {
            "value": 0.9281068000000001,
            "min": 0.7794620000000001,
            "max": 0.9281068000000001,
            "count": 2
        },
        "Cat.Policy.Beta.mean": {
            "value": 0.004282505864000001,
            "min": 0.004282505864000001,
            "max": 0.0047437884500000005,
            "count": 2
        },
        "Cat.Policy.Beta.sum": {
            "value": 0.021412529320000002,
            "min": 0.018975153800000002,
            "max": 0.021412529320000002,
            "count": 2
        },
        "Cat.IsTraining.mean": {
            "value": 1.0,
            "min": 1.0,
            "max": 1.0,
            "count": 2
        },
        "Cat.IsTraining.sum": {
            "value": 1.0,
            "min": 1.0,
            "max": 1.0,
            "count": 2
        },
        "Mouse.Policy.Entropy.mean": {
            "value": 1.4036884307861328,
            "min": 1.4036884307861328,
            "max": 1.4139326810836792,
            "count": 2
        },
        "Mouse.Policy.Entropy.sum": {
            "value": 70072.125,
            "min": 70072.125,
            "max": 71742.9453125,
            "count": 2
        },
        "Mouse.Environment.EpisodeLength.mean": {
            "value": 399.36538461538464,
            "min": 165.4029304029304,
            "max": 399.36538461538464,
            "count": 2
        },
        "Mouse.Environment.EpisodeLength.sum": {
            "value": 20767.0,
            "min": 20767.0,
            "max": 45155.0,
            "count": 2
        },
        "Mouse.Step.mean": {
            "value": 99975.0,
            "min": 49972.0,
            "max": 99975.0,
            "count": 2
        },
        "Mouse.Step.sum": {
            "value": 99975.0,
            "min": 49972.0,
            "max": 99975.0,
            "count": 2
        },
        "Mouse.Policy.ExtrinsicValueEstimate.mean": {
            "value": -0.1647917628288269,
            "min": -0.39844343066215515,
            "max": -0.1647917628288269,
            "count": 2
        },
        "Mouse.Policy.ExtrinsicValueEstimate.sum": {
            "value": -132.82215881347656,
            "min": -369.7554931640625,
            "max": -132.82215881347656,
            "count": 2
        },
        "Mouse.Environment.CumulativeReward.mean": {
            "value": -1.0,
            "min": -1.0,
            "max": -0.673992673992674,
            "count": 2
        },
        "Mouse.Environment.CumulativeReward.sum": {
            "value": -52.0,
            "min": -184.0,
            "max": -52.0,
            "count": 2
        },
        "Mouse.Policy.ExtrinsicReward.mean": {
            "value": -1.0,
            "min": -1.0,
            "max": -0.673992673992674,
            "count": 2
        },
        "Mouse.Policy.ExtrinsicReward.sum": {
            "value": -52.0,
            "min": -184.0,
            "max": -52.0,
            "count": 2
        },
        "Mouse.Losses.PolicyLoss.mean": {
            "value": 0.024890675217223664,
            "min": 0.021949091043400887,
            "max": 0.024890675217223664,
            "count": 2
        },
        "Mouse.Losses.PolicyLoss.sum": {
            "value": 0.12445337608611833,
            "min": 0.08779636417360355,
            "max": 0.12445337608611833,
            "count": 2
        },
        "Mouse.Losses.ValueLoss.mean": {
            "value": 0.007019650864725312,
            "min": 0.007019650864725312,
            "max": 0.030183439220612247,
            "count": 2
        },
        "Mouse.Losses.ValueLoss.sum": {
            "value": 0.03509825432362656,
            "min": 0.03509825432362656,
            "max": 0.12073375688244899,
            "count": 2
        },
        "Mouse.Policy.LearningRate.mean": {
            "value": 0.0002568640943786399,
            "min": 0.0002568640943786399,
            "max": 0.00028459650513449995,
            "count": 2
        },
        "Mouse.Policy.LearningRate.sum": {
            "value": 0.0012843204718931997,
            "min": 0.0011383860205379998,
            "max": 0.0012843204718931997,
            "count": 2
        },
        "Mouse.Policy.Epsilon.mean": {
            "value": 0.18562136,
            "min": 0.18562136,
            "max": 0.19486550000000002,
            "count": 2
        },
        "Mouse.Policy.Epsilon.sum": {
            "value": 0.9281068000000001,