{
    "name": "root",
    "metadata": {
        "timer_format_version": "0.1.0",
        "start_time_seconds": "1667589246",
        "python_version": "3.8.10 (tags/v3.8.10:3d8993a, May  3 2021, 11:48:03) [MSC v.1928 64 bit (AMD64)]",
        "command_line_arguments": "C:\\Users\\gojoo\\OneDrive\\Documents\\GitHub\\MachineLearningTrial\\MachineLearningProject\\venv\\Scripts\\mlagents-learn",
        "mlagents_version": "0.29.0",
        "mlagents_envs_version": "0.29.0",
        "communication_protocol_version": "1.5.0",
        "pytorch_version": "1.13.0+cpu",
        "numpy_version": "1.21.2",
        "end_time_seconds": "1667589344"
    },
    "total": 97.32737449999999,
    "count": 1,
    "self": 0.010461300000002893,
    "children": {
        "run_training.setup": {
            "total": 0.3127360000000001,
            "count": 1,
            "self": 0.3127360000000001
        },
        "TrainerController.start_learning": {
            "total": 97.00417719999999,
            "count": 1,
            "self": 0.0611749999998068,
            "children": {
                "TrainerController._reset_env": {
                    "total": 11.1615823,
                    "count": 1,
                    "self": 11.1615823
                },
                "TrainerController.advance": {
                    "total": 85.64082300000017,
                    "count": 2394,
                    "self": 0.0612140000003194,
                    "children": {
                        "env_step": {
                            "total": 85.29707929999995,
                            "count": 2394,
                            "self": 81.95019440000004,
                            "children": {
                                "SubprocessEnvManager._take_step": {
                                    "total": 3.3078926999998135,
                                    "count": 2394,
                                    "self": 0.16712009999993427,
                                    "children": {
                                        "TorchPolicy.evaluate": {
                                            "total": 3.1407725999998792,
                                            "count": 2394,
                                            "self": 0.9665488999999674,
                                            "children": {
                                                "TorchPolicy.sample_actions": {
                                                    "total": 2.174223699999912,
                                                    "count": 2394,
                                                    "self": 2.174223699999912
                                                }
                                            }
                                        }
                                    }
                                },
                                "workers": {
                                    "total": 0.03899220000009862,
                                    "count": 2393,
                                    "self": 0.0,
                                    "children": {
                                        "worker_root": {
                                            "total": 22.51323840000003,
                                            "count": 2393,
                                            "is_parallel": true,
                                            "self": 6.639237200000085,
                                            "children": {
                                                "steps_from_proto": {
                                                    "total": 0.0006436999999994697,
                                                    "count": 1,
                                                    "is_parallel": true,
                                                    "self": 0.0003750000000000142,
                                                    "children": {
                                                        "_process_rank_one_or_two_observation": {
                                                            "total": 0.0002686999999994555,
                                                            "count": 2,
                                                            "is_parallel": true,
                                                            "self": 0.0002686999999994555
                                                        }
                                                    }
                                                },
                                                "UnityEnvironment.step": {
                                                    "total": 15.873357499999946,
                                                    "count": 2393,
                                                    "is_parallel": true,
                                                    "self": 0.24661350000003246,
                                                    "children": {
                                                        "UnityEnvironment._generate_step_input": {
                                                            "total": 0.21725259999988467,
                                                            "count": 2393,
                                                            "is_parallel": true,
                                                            "self": 0.21725259999988467
                                                        },
                                                        "communicator.exchange": {
                                                            "total": 14.529875300000068,
                                                            "count": 2393,
                                                            "is_parallel": true,
                                                            "self": 14.529875300000068
                                                        },
                                                        "steps_from_proto": {
                                                            "total": 0.8796160999999607,
                                                            "count": 2393,
                                                            "is_parallel": true,
                                                            "self": 0.5713220999998967,
                                                            "children": {
                                                                "_process_rank_one_or_two_observation": {
                                                                    "total": 0.308294000000064,
                                                                    "count": 4786,
                                                                    "is_parallel": true,
                                                                    "self": 0.308294000000064
                                                                }
                                                            }
                                                        }
                                                    }
                                                }
                                            }
                                        }
                                    }
                                }
                            }
                        },
                        "trainer_advance": {
                            "total": 0.2825296999999036,
                            "count": 2393,
                            "self": 0.0656127999999736,
                            "children": {
                                "process_trajectory": {
                                    "total": 0.21691689999993002,
                                    "count": 2393,