{
    "name": "root",
    "gauges": {
        "Mouse.Policy.Entropy.mean": {
            "value": 1.4205018281936646,
            "min": 1.4205018281936646,
            "max": 1.4205018281936646,
            "count": 1
        },
        "Mouse.Policy.Entropy.sum": {
            "value": 71848.984375,
            "min": 71848.984375,
            "max": 71848.984375,
            "count": 1
        },
        "Mouse.Environment.EpisodeLength.mean": {
            "value": 49.04550050556117,
            "min": 49.04550050556117,
            "max": 49.04550050556117,
            "count": 1
        },
        "Mouse.Environment.EpisodeLength.sum": {
            "value": 48506.0,
            "min": 48506.0,
            "max": 48506.0,
            "count": 1
        },
        "Mouse.Step.mean": {
            "value": 49945.0,
            "min": 49945.0,
            "max": 49945.0,
            "count": 1
        },
        "Mouse.Step.sum": {
            "value": 49945.0,
            "min": 49945.0,
            "max": 49945.0,
            "count": 1
        },
        "Mouse.Policy.ExtrinsicValueEstimate.mean": {
            "value": -0.31511539220809937,
            "min": -0.31511539220809937,
            "max": -0.31511539220809937,
            "count": 1
        },
        "Mouse.Policy.ExtrinsicValueEstimate.sum": {
            "value": -440.2162170410156,
            "min": -440.2162170410156,
            "max": -440.2162170410156,
            "count": 1
        },
        "Mouse.Environment.CumulativeReward.mean": {
            "value": 1.6278677300402993,
            "min": 1.6278677300402993,
            "max": 1.6278677300402993,
            "count": 1
        },
        "Mouse.Environment.CumulativeReward.sum": {
            "value": 1608.3333172798157,
            "min": 1608.3333172798157,
            "max": 1608.3333172798157,
            "count": 1
        },
        "Mouse.Policy.ExtrinsicReward.mean": {
            "value": 1.6278677300402993,
            "min": 1.6278677300402993,
            "max": 1.6278677300402993,
            "count": 1
        },
        "Mouse.Policy.ExtrinsicReward.sum": {
            "value": 1608.3333172798157,
            "min": 1608.3333172798157,
            "max": 1608.3333172798157,
            "count": 1
        },
        "Mouse.Losses.PolicyLoss.mean": {
            "value": 0.024138606541479625,
            "min": 0.024138606541479625,
            "max": 0.024138606541479625,
            "count": 1
        },
        "Mouse.Losses.PolicyLoss.sum": {
            "value": 0.0965544261659185,
            "min": 0.0965544261659185,
            "max": 0.0965544261659185,
            "count": 1
        },
        "Mouse.Losses.ValueLoss.mean": {
            "value": 6.5122584720452625,
            "min": 6.5122584720452625,
            "max": 6.5122584720452625,
            "count": 1
        },
        "Mouse.Losses.ValueLoss.sum": {
            "value": 26.04903388818105,
            "min": 26.04903388818105,
            "max": 26.04903388818105,
            "count": 1
        },
        "Mouse.Policy.LearningRate.mean": {
            "value": 0.0002846115051295,
            "min": 0.0002846115051295,
            "max": 0.0002846115051295,
            "count": 1
        },
        "Mouse.Policy.LearningRate.sum": {
            "value": 0.001138446020518,
            "min": 0.001138446020518,
            "max": 0.001138446020518,
            "count": 1
        },
        "Mouse.Policy.Epsilon.mean": {
            "value": 0.1948705,
            "min": 0.1948705,
            "max": 0.1948705,
            "count": 1
        },
        "Mouse.Policy.Epsilon.sum": {
            "value": 0.779482,
            "min": 0.779482,
            "max": 0.779482,
            "count": 1
        },
        "Mouse.Policy.Beta.mean": {
            "value": 0.00474403795,
            "min": 0.00474403795,
            "max": 0.00474403795,
            "count": 1
        },
        "Mouse.Policy.Beta.sum": {
            "value": 0.0189761518,
            "min": 0.0189761518,
            "max": 0.0189761518,
            "count": 1
        },
        "Mouse.IsTraining.mean": {
            "value": 1.0,
            "min": 1.0,
            "max": 1.0,
            "count": 1
        },
        "Mouse.IsTraining.sum": {
            "value": 1.0,
            "min": 1.0,
            "max": 1.0,
            "count": 1
        },
        "Cat.Policy.Entropy.mean": {
            "value": 1.4145087003707886,
            "min": 1.4145087003707886,
            "max": 1.4145087003707886,
            "count": 1
        },
        "Cat.Policy.Entropy.sum": {
            "value": 71545.8515625,
            "min": 71545.8515625,
            "max": 71545.8515625,
            "count": 1
        },
        "Cat.Environment.EpisodeLength.mean": {
            "value": 49.04550050556117,
            "min": 49.04550050556117,
            "max": 49.04550050556117,
            "count": 1
        },
        "Cat.Environment.EpisodeLength.sum": {
            "value": 48506.0,
            "min": 48506.0,
            "max": 48506.0,
            "count": 1
        },
        "Cat.Step.mean": {
            "value": 49945.0,
            "min": 49945.0,
            "max": 49945.0,
            "count": 1
        },
        "Cat.Step.sum": {
            "value": 49945.0,
            "min": 49945.0,
            "max": 49945.0,
            "count": 1
        },
        "Cat.Policy.ExtrinsicValueEstimate.mean": {
            "value": 0.4522935748100281,
            "min": 0.4522935748100281,
            "max": 0.4522935748100281,
            "count": 1
        },
        "Cat.Policy.ExtrinsicValueEstimate.sum": {
            "value": 631.8541259765625,
            "min": 631.8541259765625,
            "max": 631.8541259765625,
            "count": 1
        },
        "Cat.Environment.CumulativeReward.mean": {
            "value": 0.5850202429149798,
            "min": 0.5850202429149798,
            "max": 0.5850202429149798,
            "count": 1
        },
        "Cat.Environment.CumulativeReward.sum": {
            "value": 578.0,
            "min": 578.0,
            "max": 578.0,
            "count": 1
        },
        "Cat.Policy.ExtrinsicReward.mean": {
            "value": 0.5850202429149798,
            "min": 0.5850202429149798,
            "max": 0.5850202429149798,
            "count": 1
        },
        "Cat.Policy.ExtrinsicReward.sum": {
            "value": 578.0,
            "min": 578.0,
            "max": 578.0,
            "count": 1
        },
        "Cat.Losses.PolicyLoss.mean": {
            "value": 0.027677234704606236,
            "min": 0.027677234704606236,
            "max": 0.027677234704606236,
            "count": 1
        },
        "Cat.Losses.PolicyLoss.sum": {
            "value": 0.11070893881842495,
            "min": 0.11070893881842495,
            "max": 0.11070893881842495,
            "count": 1
        },
        "Cat.Losses.ValueLoss.mean": {
            "value": 0.109869018693765,
            "min": 0.109869018693765,
            "max": 0.109869018693765,
            "count": 1
        },
        "Cat.Losses.ValueLoss.sum": {
            "value": 0.43947607477506,
            "min": 0.43947607477506,
            "max": 0.43947607477506,
            "count": 1
        },
        "Cat.Policy.LearningRate.mean": {
            "value": 0.0002846115051295,
            "min": 0.0002846115051295,
            "max": 0.0002846115051295,
            "count": 1
        },
        "Cat.Policy.LearningRate.sum": {
            "value": 0.001138446020518,
            "min": 0.001138446020518,
            "max": 0.001138446020518,
            "count": 1
        },
        "Cat.Policy.Epsilon.mean": {
            "value": 0.1948705,
            "min": 0.1948705,
            "max": 0.1948705,
            "count": 1
        },
        "Cat.Policy.Epsilon.sum": {
            "value": 0.779482,
            "min": 0.779482,