{
    "name": "root",
    "gauges": {
        "Cat.Policy.Entropy.mean": {
            "value": 1.4186451435089111,
            "min": 1.4186451435089111,
            "max": 1.4186451435089111,
            "count": 1
        },
        "Cat.Policy.Entropy.sum": {
            "value": 71641.578125,
            "min": 71641.578125,
            "max": 71641.578125,
            "count": 1
        },
        "Cat.Environment.EpisodeLength.mean": {
            "value": 39.33709677419355,
            "min": 39.33709677419355,
            "max": 39.33709677419355,
            "count": 1
        },
        "Cat.Environment.EpisodeLength.sum": {
            "value": 48778.0,
            "min": 48778.0,
            "max": 48778.0,
            "count": 1
        },
        "Cat.Step.mean": {
            "value": 49968.0,
            "min": 49968.0,
            "max": 49968.0,
            "count": 1
        },
        "Cat.Step.sum": {
            "value": 49968.0,
            "min": 49968.0,
            "max": 49968.0,
            "count": 1
        },
        "Cat.Policy.ExtrinsicValueEstimate.mean": {
            "value": 0.014532007277011871,
            "min": 0.014532007277011871,
            "max": 0.014532007277011871,
            "count": 1
        },
        "Cat.Policy.ExtrinsicValueEstimate.sum": {
            "value": 18.005157470703125,
            "min": 18.005157470703125,
            "max": 18.005157470703125,
            "count": 1
        },
        "Cat.Environment.CumulativeReward.mean": {
            "value": -0.6432606941081518,
            "min": -0.6432606941081518,
            "max": -0.6432606941081518,
            "count": 1
        },
        "Cat.Environment.CumulativeReward.sum": {
            "value": -797.0,
            "min": -797.0,
            "max": -797.0,
            "count": 1
        },
        "Cat.Policy.ExtrinsicReward.mean": {
            "value": -0.6432606941081518,
            "min": -0.6432606941081518,
            "max": -0.6432606941081518,
            "count": 1
        },
        "Cat.Policy.ExtrinsicReward.sum": {
            "value": -797.0,
            "min": -797.0,
            "max": -797.0,
            "count": 1
        },
        "Cat.Losses.PolicyLoss.mean": {
            "value": 0.023415418471752977,
            "min": 0.023415418471752977,
            "max": 0.023415418471752977,
            "count": 1
        },
        "Cat.Losses.PolicyLoss.sum": {
            "value": 0.09366167388701191,
            "min": 0.09366167388701191,
            "max": 0.09366167388701191,
            "count": 1
        },
        "Cat.Losses.ValueLoss.mean": {
            "value": 0.13911830273767314,
            "min": 0.13911830273767314,
            "max": 0.13911830273767314,
            "count": 1
        },
        "Cat.Losses.ValueLoss.sum": {
            "value": 0.5564732109506926,
            "min": 0.5564732109506926,
            "max": 0.5564732109506926,
            "count": 1
        },
        "Cat.Policy.LearningRate.mean": {
            "value": 0.00028458300513899994,
            "min": 0.00028458300513899994,
            "max": 0.00028458300513899994,
            "count": 1
        },
        "Cat.Policy.LearningRate.sum": {
            "value": 0.0011383320205559998,
            "min": 0.0011383320205559998,
            "max": 0.0011383320205559998,
            "count": 1
        },
        "Cat.Policy.Epsilon.mean": {
            "value": 0.194861,
            "min": 0.194861,
            "max": 0.194861,
            "count": 1
        },
        "Cat.Policy.Epsilon.sum": {
            "value": 0.779444,
            "min": 0.779444,
            "max": 0.779444,
            "count": 1
        },
        "Cat.Policy.Beta.mean": {
            "value": 0.0047435639,
            "min": 0.0047435639,
            "max": 0.0047435639,
            "count": 1
        },
        "Cat.Policy.Beta.sum": {
            "value": 0.0189742556,
            "min": 0.0189742556,
            "max": 0.0189742556,
            "count": 1
        },
        "Cat.IsTraining.mean": {
            "value": 1.0,
            "min": 1.0,
            "max": 1.0,
            "count": 1
        },
        "Cat.IsTraining.sum": {
            "value": 1.0,
            "min": 1.0,
            "max": 1.0,
            "count": 1
        },
        "Mouse.Policy.Entropy.mean": {
            "value": 1.4220796823501587,
            "min": 1.4220796823501587,
            "max": 1.4220796823501587,
            "count": 1
        },
        "Mouse.Policy.Entropy.sum": {
            "value": 71815.0234375,
            "min": 71815.0234375,
            "max": 71815.0234375,
            "count": 1
        },
        "Mouse.Environment.EpisodeLength.mean": {
            "value": 39.33709677419355,
            "min": 39.33709677419355,
            "max": 39.33709677419355,
            "count": 1
        },
        "Mouse.Environment.EpisodeLength.sum": {
            "value": 48778.0,
            "min": 48778.0,
            "max": 48778.0,
            "count": 1
        },
        "Mouse.Step.mean": {
            "value": 49968.0,
            "min": 49968.0,
            "max": 49968.0,
            "count": 1
        },
        "Mouse.Step.sum": {
            "value": 49968.0,
            "min": 49968.0,
            "max": 49968.0,
            "count": 1
        },
        "Mouse.Policy.ExtrinsicValueEstimate.mean": {
            "value": 0.14471609890460968,
            "min": 0.14471609890460968,
            "max": 0.14471609890460968,
            "count": 1
        },
        "Mouse.Policy.ExtrinsicValueEstimate.sum": {
            "value": 179.30323791503906,
            "min": 179.30323791503906,
            "max": 179.30323791503906,
            "count": 1
        },
        "Mouse.Environment.CumulativeReward.mean": {
            "value": 0.32929782082324455,
            "min": 0.32929782082324455,
            "max": 0.32929782082324455,
            "count": 1
        },
        "Mouse.Environment.CumulativeReward.sum": {
            "value": 408.0,
            "min": 408.0,
            "max": 408.0,
            "count": 1
        },
        "Mouse.Policy.ExtrinsicReward.mean": {
            "value": 0.32929782082324455,
            "min": 0.32929782082324455,
            "max": 0.32929782082324455,
            "count": 1
        },
        "Mouse.Policy.ExtrinsicReward.sum": {
            "value": 408.0,
            "min": 408.0,
            "max": 408.0,
            "count": 1
        },
        "Mouse.Losses.PolicyLoss.mean": {
            "value": 0.02262806631818724,
            "min": 0.02262806631818724,
            "max": 0.02262806631818724,
            "count": 1
        },
        "Mouse.Losses.PolicyLoss.sum": {
            "value": 0.09051226527274896,
            "min": 0.09051226527274896,
            "max": 0.09051226527274896,
            "count": 1
        },
        "Mouse.Losses.ValueLoss.mean": {
            "value": 0.17560080873469514,
            "min": 0.17560080873469514,
            "max": 0.17560080873469514,
            "count": 1
        },
        "Mouse.Losses.ValueLoss.sum": {
            "value": 0.7024032349387805,
            "min": 0.7024032349387805,
            "max": 0.7024032349387805,
            "count": 1
        },
        "Mouse.Policy.LearningRate.mean": {
            "value": 0.00028458300513899994,
            "min": 0.00028458300513899994,
            "max": 0.00028458300513899994,
            "count": 1
        },
        "Mouse.Policy.LearningRate.sum": {
            "value": 0.0011383320205559998,
            "min": 0.0011383320205559998,
            "max": 0.0011383320205559998,
            "count": 1
        },
        "Mouse.Policy.Epsilon.mean": {
            "value": 0.194861,
            "min": 0.194861,
            "max": 0.194861,
            "count": 1
        },
        "Mouse.Policy.Epsilon.sum": {
            "value": 0.779444,
            "min": 0.779444,