{
    "name": "root",
    "gauges": {
        "Mouse.Policy.Entropy.mean": {
            "value": 1.4040061235427856,
            "min": 1.4040061235427856,
            "max": 1.415777325630188,
            "count": 4
        },
        "Mouse.Policy.Entropy.sum": {
            "value": 70087.984375,
            "min": 70087.984375,
            "max": 71185.28125,
            "count": 4
        },
        "Mouse.Environment.EpisodeLength.mean": {
            "value": 17.94280303030303,
            "min": 17.94280303030303,
            "max": 27.34750566893424,
            "count": 4
        },
        "Mouse.Environment.EpisodeLength.sum": {
            "value": 47369.0,
            "min": 47369.0,
            "max": 48241.0,
            "count": 4
        },
        "Mouse.Step.mean": {
            "value": 199988.0,
            "min": 49970.0,
            "max": 199988.0,
            "count": 4
        },
        "Mouse.Step.sum": {
            "value": 199988.0,
            "min": 49970.0,
            "max": 199988.0,
            "count": 4
        },
        "Mouse.Policy.ExtrinsicValueEstimate.mean": {
            "value": -0.3581680655479431,
            "min": -0.3581680655479431,
            "max": 0.4831208288669586,
            "count": 4
        },
        "Mouse.Policy.ExtrinsicValueEstimate.sum": {
            "value": -945.563720703125,
            "min": -945.563720703125,
            "max": 903.0076904296875,
            "count": 4
        },
        "Mouse.Environment.CumulativeReward.mean": {
            "value": -0.6818181818181818,
            "min": -0.6818181818181818,
            "max": 0.4955125177137459,
            "count": 4
        },
        "Mouse.Environment.CumulativeReward.sum": {
            "value": -1800.0,
            "min": -1800.0,
            "max": 1049.0,
            "count": 4
        },
        "Mouse.Policy.ExtrinsicReward.mean": {
            "value": -0.6818181818181818,
            "min": -0.6818181818181818,
            "max": 0.4955125177137459,
            "count": 4
        },
        "Mouse.Policy.ExtrinsicReward.sum": {
            "value": -1800.0,
            "min": -1800.0,
            "max": 1049.0,
            "count": 4
        },
        "Mouse.Losses.PolicyLoss.mean": {
            "value": 0.026120125094118218,
            "min": 0.023024400679084164,
            "max": 0.026120125094118218,
            "count": 4
        },
        "Mouse.Losses.PolicyLoss.sum": {
            "value": 0.1306006254705911,
            "min": 0.09529855944371471,
            "max": 0.1306006254705911,
            "count": 4
        },
        "Mouse.Losses.ValueLoss.mean": {
            "value": 0.2583822920918465,
            "min": 0.17266558662056924,
            "max": 0.3047653629382451,
            "count": 4
        },
        "Mouse.Losses.ValueLoss.sum": {
            "value": 1.2919114604592323,
            "min": 0.8633279331028462,
            "max": 1.5238268146912255,
            "count": 4
        },
        "Mouse.Policy.LearningRate.mean": {
            "value": 0.00019538091487304,
            "min": 0.00019538091487304,
            "max": 0.00028462155512615,
            "count": 4
        },
        "Mouse.Policy.LearningRate.sum": {
            "value": 0.0009769045743652,
            "min": 0.0009769045743652,
            "max": 0.0012844782718406003,
            "count": 4
        },
        "Mouse.Policy.Epsilon.mean": {
            "value": 0.16512696,
            "min": 0.16512696,
            "max": 0.19487385000000002,
            "count": 4
        },
        "Mouse.Policy.Epsilon.sum": {
            "value": 0.8256348,
            "min": 0.7794954000000001,
            "max": 0.9281593999999999,
            "count": 4
        },
        "Mouse.Policy.Beta.mean": {
            "value": 0.0032598353040000005,
            "min": 0.0032598353040000005,
            "max": 0.0047442051150000004,
            "count": 4
        },
        "Mouse.Policy.Beta.sum": {
            "value": 0.016299176520000003,
            "min": 0.016299176520000003,
            "max": 0.021415154059999997,
            "count": 4
        },
        "Mouse.IsTraining.mean": {
            "value": 1.0,
            "min": 1.0,
            "max": 1.0,
            "count": 4
        },
        "Mouse.IsTraining.sum": {
            "value": 1.0,
            "min": 1.0,
            "max": 1.0,
            "count": 4
        },
        "Cat.Policy.Entropy.mean": {
            "value": 1.387832522392273,
            "min": 1.387832522392273,
            "max": 1.4142109155654907,
            "count": 4
        },
        "Cat.Policy.Entropy.sum": {
            "value": 69280.6015625,
            "min": 69280.6015625,
            "max": 71106.5234375,
            "count": 4
        },
        "Cat.Environment.EpisodeLength.mean": {
            "value": 17.94280303030303,
            "min": 17.94280303030303,
            "max": 27.34750566893424,
            "count": 4
        },
        "Cat.Environment.EpisodeLength.sum": {
            "value": 47369.0,
            "min": 47369.0,
            "max": 48241.0,
            "count": 4
        },
        "Cat.Step.mean": {
            "value": 199988.0,
            "min": 49970.0,
            "max": 199988.0,
            "count": 4
        },
        "Cat.Step.sum": {
            "value": 199988.0,
            "min": 49970.0,
            "max": 199988.0,
            "count": 4
        },
        "Cat.Policy.ExtrinsicValueEstimate.mean": {
            "value": 0.36487212777137756,
            "min": -0.5088213682174683,
            "max": 0.36487212777137756,
            "count": 4
        },
        "Cat.Policy.ExtrinsicValueEstimate.sum": {
            "value": 963.2623901367188,
            "min": -897.5609130859375,
            "max": 963.2623901367188,
            "count": 4
        },
        "Cat.Environment.CumulativeReward.mean": {
            "value": 0.6818181818181818,
            "min": -0.4955125177137459,
            "max": 0.6818181818181818,
            "count": 4
        },
        "Cat.Environment.CumulativeReward.sum": {
            "value": 1800.0,
            "min": -1049.0,
            "max": 1800.0,
            "count": 4
        },
        "Cat.Policy.ExtrinsicReward.mean": {
            "value": 0.6818181818181818,
            "min": -0.4955125177137459,
            "max": 0.6818181818181818,
            "count": 4
        },
        "Cat.Policy.ExtrinsicReward.sum": {
            "value": 1800.0,
            "min": -1049.0,
            "max": 1800.0,
            "count": 4
        },
        "Cat.Losses.PolicyLoss.mean": {
            "value": 0.02346764208283275,
            "min": 0.021419906277830403,
            "max": 0.02479447997951259,
            "count": 4
        },
        "Cat.Losses.PolicyLoss.sum": {
            "value": 0.11733821041416376,
            "min": 0.09917791991805036,
            "max": 0.12215921363094821,
            "count": 4
        },
        "Cat.Losses.ValueLoss.mean": {
            "value": 0.2575745199124019,
            "min": 0.17375502958893776,
            "max": 0.3040868664781252,
            "count": 4
        },
        "Cat.Losses.ValueLoss.sum": {
            "value": 1.2878725995620093,
            "min": 0.8687751479446888,
            "max": 1.5204343323906262,
            "count": 4
        },
        "Cat.Policy.LearningRate.mean": {
            "value": 0.00019538091487304,
            "min": 0.00019538091487304,
            "max": 0.00028462155512615,
            "count": 4
        },
        "Cat.Policy.LearningRate.sum": {
            "value": 0.0009769045743652,
            "min": 0.0009769045743652,
            "max": 0.0012844782718406003,
            "count": 4
        },
        "Cat.Policy.Epsilon.mean": {
            "value": 0.16512696,
            "min": 0.16512696,
            "max": 0.19487385000000002,
            "count": 4
        },